id,expected
0,0.6291558406786697
1,0.6546488569689369
2,0.5450193544126722
3,0.518535333860203
4,0.23657929494873478
5,0.7643138406334886
6,0.6442640145562837
7,0.8168542295951161
8,0.3550053493806692
9,0.5349462699065582
10,0.6700762856690915
11,0.7744378997159858
12,0.8031901866782406
13,0.6871372826640053
14,0.46136112613552926
15,0.23781239833754841
16,0.4361482775482318
17,0.6566778088393525
18,0.8060476374972299
19,0.5485852779208922
