id,expected
0,0.6330579639157387
1,0.6787547410244928
2,0.5705649219895934
3,0.42941489301660113
4,0.14826686663677485
5,0.726643222906534
6,0.6131641371650779
7,0.778645160700151
8,0.30513377721555834
9,0.4547940581571869
10,0.6578562812562716
11,0.6593898602061523
12,0.7868832353936623
13,0.6746442240968114
14,0.47403374073483046
15,0.21572087322521535
16,0.41790630763034914
17,0.5857556099323602
18,0.7583540760702585
19,0.46991236133018616
